ID,Section,Testcase name,Sub-case,Pre-condition,Step,Expected output,Priority,Test Data
TC_001,KB-6 / BR-011,[ERR] OCR kh√¥ng nh·∫≠n di·ªán - ·∫¢nh m·ªù,Error handling,"1. User upload ·∫£nh phi·∫øu m·ªù/t·ªëi","1. Ch·ªù AI ph√¢n t√≠ch","1.1. Hi·ªÉn th·ªã: ""Kh√¥ng nh·∫≠n di·ªán ƒë∆∞·ª£c k·∫øt qu·∫£ t√°i kh√°m t·ª´ ·∫£nh""; 1.2. N√∫t ""Th·ª≠ l·∫°i"" hi·ªÉn th·ªã",High,"TD_032: ·∫¢nh m·ªù/t·ªëi, 1 trang"
TC_002,KB-6 / BR-011,[ERR] OCR kh√¥ng nh·∫≠n di·ªán - Kh√¥ng ph·∫£i phi·∫øu XN,Error handling,"1. User upload ·∫£nh selfie","1. Ch·ªù AI ph√¢n t√≠ch","1.1. Hi·ªÉn th·ªã: ""Kh√¥ng nh·∫≠n di·ªán ƒë∆∞·ª£c k·∫øt qu·∫£ t√°i kh√°m t·ª´ ·∫£nh""; 1.2. N√∫t ""Th·ª≠ l·∫°i""",High,"TD_036: ·∫¢nh selfie/kh√¥ng h·ª£p l·ªá"
TC_003,KB-7 / BR-012,[FUNC] Multi-page - T·∫•t c·∫£ h·ª£p l·ªá,Multi-page OCR,"1. User upload 3 ·∫£nh phi·∫øu XN","1. Ch·ªù AI ph√¢n t√≠ch; 2. Xem k·∫øt qu·∫£","2.1. Ghi ch√∫: ""ƒê√£ ph√¢n t√≠ch 3/3 trang""",Medium,"TD_031: 3 ·∫£nh phi·∫øu XN r√µ n√©t"
TC_004,KB-7 / BR-013,[EDGE] Multi-page c√≥ si√™u √¢m,Mixed content,"1. User upload 2 XN + 1 si√™u √¢m","1. Ch·ªù AI; 2. Xem k·∫øt qu·∫£","2.1. ""ƒê√£ ph√¢n t√≠ch 2/3 trang""; 2.2. ""·∫¢nh si√™u √¢m/X-quang ch∆∞a ƒë∆∞·ª£c h·ªó tr·ª£ trong phi√™n b·∫£n n√†y""",Medium,"TD_035: 2 XN + 1 si√™u √¢m"
TC_005,KB-7 / BR-013,[ERR] Upload ·∫£nh si√™u √¢m,Unsupported,"1. User upload 1 ·∫£nh si√™u √¢m","1. Ch·ªù AI ph√¢n t√≠ch","1.1. Hi·ªÉn th·ªã: ""·∫¢nh si√™u √¢m/X-quang ch∆∞a ƒë∆∞·ª£c h·ªó tr·ª£ trong phi√™n b·∫£n n√†y""",Medium,"TD_033: 1 ·∫£nh si√™u √¢m"
TC_006,KB-7 / BR-013,[ERR] Upload ·∫£nh X-quang,Unsupported,"1. User upload 1 ·∫£nh X-quang","1. Ch·ªù AI ph√¢n t√≠ch","1.1. Hi·ªÉn th·ªã: ""·∫¢nh si√™u √¢m/X-quang ch∆∞a ƒë∆∞·ª£c h·ªó tr·ª£ trong phi√™n b·∫£n n√†y""",Medium,"TD_034: 1 ·∫£nh X-quang"
TC_007,KB-8 / BR-014,[ERR] Network timeout,Timeout > 15s,"1. Network delay > 15s","1. Ch·ªù AI ph√¢n t√≠ch","1.1. Hi·ªÉn th·ªã: ""Kh√¥ng th·ªÉ k·∫øt n·ªëi. Vui l√≤ng ki·ªÉm tra m·∫°ng v√† th·ª≠ l·∫°i""; 1.2. N√∫t ""Th·ª≠ l·∫°i""",High,"TD_040: Network delay > 15s"
TC_008,KB-8 / BR-014,[EDGE] AI ph√¢n t√≠ch > 10s warning,Performance,"1. AI processing > 10s","1. Quan s√°t UI","1.1. Hi·ªÉn th·ªã: ""ƒêang x·ª≠ l√Ω, vui l√≤ng ƒë·ª£i...""",Medium,"TD_043: Slow AI processing"
TC_009,KB-6 / BR-011,[OCR] Phi·∫øu c√≥ watermark,OCR edge,"1. Phi·∫øu c√≥ watermark ""B·∫¢N SAO""","1. Ch·ªù AI ph√¢n t√≠ch","1.1. OCR v·∫´n nh·∫≠n di·ªán ho·∫∑c hi·ªÉn th·ªã: ""Kh√¥ng nh·∫≠n di·ªán ƒë∆∞·ª£c k·∫øt qu·∫£ t√°i kh√°m t·ª´ ·∫£nh""",Low,"TD_139: Phi·∫øu c√≥ watermark"
TC_010,KB-6 / BR-011,[OCR] Phi·∫øu b·ªã c·∫Øt x√©n,OCR edge,"1. Phi·∫øu crop m·∫•t header","1. Ch·ªù AI ph√¢n t√≠ch","1.1. Ph√¢n t√≠ch ƒë∆∞·ª£c ph·∫ßn c√≥ data",Low,"TD_140: Phi·∫øu b·ªã crop"
TC_011,KB-1 / BR-001,[FUNC] Th√¥ng tin chung ƒë·∫ßy ƒë·ªß,Happy path,"1. AI ƒë√£ ph√¢n t√≠ch xong","1. Xem section ""Th√¥ng tin chung""","1.1. Hi·ªÉn th·ªã: Ng√†y kh√°m=15/01/2026, Chuy√™n khoa=N·ªôi ti·∫øt, BS=Nguy·ªÖn VƒÉn A, CSYT=BV ƒê·∫°i h·ªçc Y",High,"TD_020: ƒê·∫ßy ƒë·ªß 4 fields"
TC_012,KB-1 / BR-001,[FUNC] Th√¥ng tin chung - Thi·∫øu B√°c sƒ©,Fallback,"1. Phi·∫øu kh√¥ng c√≥ BS","1. Xem section","1.1. BS = ""Kh√¥ng c√≥ th√¥ng tin""",Medium,"TD_021: Thi·∫øu field BS"
TC_013,KB-1 / BR-001,[FUNC] Th√¥ng tin chung - Thi·∫øu Ng√†y kh√°m,Fallback,"1. Phi·∫øu kh√¥ng c√≥ ng√†y","1. Xem section","1.1. Ng√†y kh√°m = ng√†y upload hi·ªán t·∫°i",Medium,"TD_022: Thi·∫øu field ng√†y"
TC_014,KB-1 / BR-001,[EDGE] Th√¥ng tin chung - Thi·∫øu nhi·ªÅu field,OCR fail,"1. ·∫¢nh k√©m ch·∫•t l∆∞·ª£ng","1. Xem section","1.1. T·∫•t c·∫£ fields = ""Kh√¥ng c√≥ th√¥ng tin""",Medium,"TD_023: Thi·∫øu t·∫•t c·∫£ fields"
TC_015,KB-1 / BR-001,[EDGE] Phi·∫øu XN c≈© (> 30 ng√†y),Data validation,"1. Phi·∫øu c≈© > 30 ng√†y","1. Xem section","1.1. Warning: ""K·∫øt qu·∫£ c≈© h∆°n 30 ng√†y""",Low,"TD_137: Phi·∫øu c≈© > 30 ng√†y"
TC_016,- / BR-009,[FUNC] Disclaimer hi·ªÉn th·ªã,Mandatory,"1. ·ªû m√†n h√¨nh K·∫øt qu·∫£","1. Scroll ƒë·∫øn cu·ªëi","1.1. Disclaimer: ""‚ÑπÔ∏è K·∫øt qu·∫£ ph√¢n t√≠ch ch·ªâ mang t√≠nh tham kh·∫£o, kh√¥ng thay th·∫ø ch·∫©n ƒëo√°n v√† t∆∞ v·∫•n t·ª´ b√°c sƒ©...""",High,"TD_082: B·∫•t k·ª≥ k·∫øt qu·∫£"
TC_017,KB-2 / BR-002,[UI] Scroll danh s√°ch nhi·ªÅu ch·ªâ s·ªë,UI/UX,"1. C√≥ 10+ ch·ªâ s·ªë","1. Scroll xu·ªëng","1.1. Cards scroll m∆∞·ª£t, kh√¥ng lag",Medium,"TD_133: 10+ ch·ªâ s·ªë"
TC_018,KB-2.1 / BR-002,[FUNC] Ph√¢n lo·∫°i C·∫£i thi·ªán,Trong ng∆∞·ª°ng + C·∫£i thi·ªán,"1. HbA1c: 7.5% ‚Üí 6.8%","1. Xem card HbA1c","1.1. ‚úÖ C·∫£i thi·ªán (xanh l√° #10B981); 1.2. Ngu·ªìn: ""Theo ADA 2024""",High,"TD_001: HbA1c 6.8% (t·ª´ 7.5%), ng∆∞·ª°ng <7%"
TC_019,KB-2.2 / BR-002,[FUNC] Ph√¢n lo·∫°i Duy tr√¨ t·ªët,Trong ng∆∞·ª°ng + B√¨nh th∆∞·ªùng,"1. HbA1c: 6.4% ‚Üí 6.5%","1. Xem card","1.1. üíö Duy tr√¨ t·ªët (xanh d∆∞∆°ng #3B82F6)",High,"TD_002: HbA1c 6.5% (t·ª´ 6.4%), ng∆∞·ª°ng <7%"
TC_020,KB-2.3 / BR-002,[FUNC] Ph√¢n lo·∫°i C·∫ßn ch√∫ √Ω - X·∫•u ƒëi,Trong ng∆∞·ª°ng + X·∫•u,"1. HbA1c: 6.5% ‚Üí 6.9%","1. Xem card","1.1. ‚ö†Ô∏è C·∫ßn ch√∫ √Ω (v√†ng cam #F59E0B); 1.2. Icon üí¨ hi·ªÉn th·ªã",High,"TD_003: HbA1c 6.9% (t·ª´ 6.5%), ng∆∞·ª°ng <7%"
TC_021,KB-2.4 / BR-002,[FUNC] C·∫ßn ch√∫ √Ω - Ngo√†i ng∆∞·ª°ng c·∫£i thi·ªán,Out + Better,"1. HbA1c: 7.8% ‚Üí 7.2%","1. Xem card","1.1. ‚ö†Ô∏è C·∫ßn ch√∫ √Ω (c√≥ c·∫£i thi·ªán); 1.2. Icon üí¨ hi·ªÉn th·ªã",High,"TD_004: HbA1c 7.2% (t·ª´ 7.8%), ng∆∞·ª°ng <7%"
TC_022,KB-2.5 / BR-002,[FUNC] C·∫ßn ch√∫ √Ω - Ngo√†i ng∆∞·ª°ng x·∫•u ƒëi,Out + Worse,"1. HbA1c: 7.5% ‚Üí 8.0%","1. Xem card","1.1. ‚ö†Ô∏è C·∫ßn ch√∫ √Ω",High,"TD_005: HbA1c 8.0% (t·ª´ 7.5%), ng∆∞·ª°ng <7%"
TC_023,KB-3 / BR-004,[EDGE] Kh√¥ng c√≥ l·ªãch s·ª≠ ch·ªâ s·ªë,First time,"1. Kh√¥ng c√≥ history","1. Xem card","1.1. D√≤ng ""L·∫ßn tr∆∞·ªõc: Ch∆∞a c√≥""",Medium,"TD_006: HbA1c 6.8%, previous=null"
TC_024,KB-4 / BR-005,[EDGE] Ch·ªâ s·ªë kh√¥ng c√≥ ng∆∞·ª°ng,Unknown,"1. Ch·ªâ s·ªë XYZ m·ªõi","1. Xem card","1.1. ""Ch∆∞a c√≥ ng∆∞·ª°ng tham chi·∫øu""; 1.2. ""Vui l√≤ng tham kh·∫£o √Ω ki·∫øn b√°c sƒ©""",Medium,"TD_070: Ch·ªâ s·ªë XYZ=123, threshold=null"
TC_025,KB-2 / BR-002,[UI] Tap card ‚Üí Expand details,UI/UX,"1. ·ªû m√†n h√¨nh K·∫øt qu·∫£","1. Tap card HbA1c","1.1. Expand chi ti·∫øt ch·ªâ s·ªë",Medium,"TD_134: B·∫•t k·ª≥ card ch·ªâ s·ªë"
TC_026,KB-2 / BR-002,[DATA] Unit conversion,Data,"1. Glucose = 126 mg/dL","1. Xem card","1.1. Hi·ªÉn th·ªã c·∫£ mg/dL v√† mmol/L (7.0)",Medium,"TD_136: Glucose 126 mg/dL"
TC_027,KB-9 / BR-015,[EDGE] User kh√¥ng c√≥ h·ªì s∆°,First-time,"1. User m·ªõi, kh√¥ng profile","1. Upload XN; 2. Xem KQ","2.1. D√πng ng∆∞·ª°ng qu·ªëc t·∫ø m·∫∑c ƒë·ªãnh (ADA/WHO)",Medium,"TD_062: User kh√¥ng c√≥ profile"
TC_028,KB-9 / BR-015,[FUNC] User c√≥ h·ªì s∆° Ti·ªÉu ƒë∆∞·ªùng,Profile-based,"1. Profile: Ti·ªÉu ƒë∆∞·ªùng","1. Upload XN; 2. Xem card","2.1. Ng∆∞·ª°ng HbA1c < 7% (ADA c√° nh√¢n h√≥a)",Medium,"TD_060: Profile Ti·ªÉu ƒë∆∞·ªùng"
TC_029,KB-9 / BR-015,[FUNC] User c√≥ h·ªì s∆° Ng∆∞·ªùi gi√†,Profile-based,"1. User > 65 tu·ªïi","1. Upload XN; 2. Xem card","2.1. Ng∆∞·ª°ng HbA1c < 8% (ADA Geriatric)",Medium,"TD_061: User age=70"
TC_030,KB-2 / BR-002,[EDGE] Ng∆∞·ª°ng Ng∆∞·ªùi gi√†,Geriatric,"1. Age=70, HbA1c=7.5%","1. Xem card","1.1. ‚úÖ C·∫£i thi·ªán (7.5% < 8%)",High,"TD_007: Age=70, HbA1c 7.5%, threshold <8%"
TC_031,KB-2 / BR-002,[EDGE] Ng∆∞·ª°ng Suy th·∫≠n m·∫°n,CKD,"1. CKD, eGFR=45","1. Xem card eGFR","1.1. üíö Duy tr√¨ t·ªët (KDIGO)",High,"TD_010: CKD, eGFR 45"
TC_032,KB-2 / BR-002,[EDGE] Ng∆∞·ª°ng Sau ƒë·ªôt qu·ªµ,High-risk LDL,"1. ƒê·ªôt qu·ªµ, LDL=1.3","1. Xem card LDL","1.1. ‚úÖ C·∫£i thi·ªán (1.3 < 1.4 ESC)",High,"TD_014: ƒê·ªôt qu·ªµ, LDL 1.3 mmol/L"
TC_033,KB-2 / BR-002,[BOUNDARY] LDL = 1.4 exactly,Boundary,"1. ƒê·ªôt qu·ªµ, LDL=1.4","1. Xem card LDL","1.1. ‚ö†Ô∏è C·∫ßn ch√∫ √Ω (1.4 kh√¥ng < 1.4)",Medium,"TD_015: ƒê·ªôt qu·ªµ, LDL 1.4 mmol/L"
TC_034,KB-2 / BR-002,[EDGE] Multi-disease: Tƒê + THA,Priority,"1. Tƒê + THA, HbA1c=7.0","1. Xem card","1.1. Ng∆∞·ª°ng strict < 7%",High,"TD_100: Tƒê + THA, HbA1c 7.0%"
TC_035,KB-2 / BR-002,[EDGE] Multi-disease: Tƒê + Ng∆∞·ªùi gi√†,Priority,"1. Tƒê + > 65, HbA1c=7.5","1. Xem card","1.1. ∆Øu ti√™n elderly < 8%",High,"TD_101: Tƒê + >65 tu·ªïi, HbA1c 7.5%"
TC_036,KB-2 / BR-002,[EDGE] Multi-disease: 3+ b·ªánh,Complex,"1. Tƒê + THA + Gi√†, HbA1c=7.8","1. Xem card","1.1. ‚úÖ C·∫£i thi·ªán (elderly threshold)",High,"TD_102: 3 b·ªánh n·ªÅn, HbA1c 7.8%"
TC_037,KB-7 / BR-012,[FUNC] Multi-page + Nhi·ªÅu ch·ªâ s·ªë,Multi-indicator,"1. 2 ·∫£nh, 4+ ch·ªâ s·ªë","1. AI ph√¢n t√≠ch; 2. Xem cards","2.1. 4 cards ri√™ng bi·ªát",High,"TD_130: 2 ·∫£nh v·ªõi 4+ ch·ªâ s·ªë"
TC_038,KB-2 / BR-002,[FUNC] Mixed classification,Multi-indicator,"1. HbA1c t·ªët, LDL x·∫•u, eGFR duy tr√¨","1. Xem cards","1.1. 3 m√†u kh√°c nhau; 1.2. LDL c√≥ icon üí¨",High,"TD_131: Mixed, HbA1c t·ªët, LDL x·∫•u"
TC_039,KB-7 / BR-012,[EDGE] Conflict - Same ch·ªâ s·ªë,Conflict,"1. 2 ·∫£nh c√≥ HbA1c kh√°c gi√° tr·ªã","1. Xem card","1.1. Warning tr√πng l·∫∑p",Medium,"TD_132: 2 ·∫£nh, HbA1c kh√°c gi√° tr·ªã"
TC_040,KB-9 / BR-015,[EDGE] Mang thai + Glucose = 95,ACOG,"1. Mang thai, Glucose=95","1. Xem card","1.1. ‚ö†Ô∏è C·∫ßn ch√∫ √Ω (95 kh√¥ng < 95 ACOG)",High,"TD_110: Mang thai, Glucose 95 mg/dL"
TC_041,KB-9 / BR-015,[EDGE] Mang thai + BP cao,Pre-eclampsia,"1. Mang thai, BP=145/95","1. Xem card","1.1. ‚ö†Ô∏è C·∫ßn ch√∫ √Ω; 1.2. C·∫£nh b√°o ti·ªÅn s·∫£n gi·∫≠t",High,"TD_111: Mang thai, BP 145/95"
TC_042,KB-9 / BR-015,[BOUNDARY] Glucose trong ng∆∞·ª°ng,Under,"1. Mang thai, Glucose=94","1. Xem card","1.1. üíö Duy tr√¨ t·ªët",Medium,"TD_113: Mang thai, Glucose 94 mg/dL"
TC_043,KB-9 / BR-015,[BOUNDARY] Glucose ngo√†i ng∆∞·ª°ng,Over,"1. Mang thai, Glucose=96","1. Xem card","1.1. ‚ö†Ô∏è C·∫ßn ch√∫ √Ω",Medium,"TD_114: Mang thai, Glucose 96 mg/dL"
TC_044,KB-2 / BR-002,[EDGE] Vi√™m gan B - Undetectable,AASLD,"1. HepB, HBV-DNA=Undetect","1. Xem card","1.1. ‚úÖ C·∫£i thi·ªán; 1.2. ƒê·∫°t ng∆∞·ª°ng ƒëi·ªÅu tr·ªã",High,"TD_120: HepB, HBV-DNA Undetectable"
TC_045,- / BR-007,[SAFETY] AI kh√¥ng khuy·∫øn ngh·ªã li·ªÅu,Compliance,"1. Phi·∫øu c√≥ ƒë∆°n thu·ªëc","1. Xem k·∫øt qu·∫£","1.1. Ch·ªâ hi·ªÉn th·ªã OCR ƒë∆°n thu·ªëc; 1.2. KH√îNG c√≥ text ""n√™n u·ªëng X mg""",High,"TD_080: Phi·∫øu c√≥ ƒë∆°n thu·ªëc Metformin 500mg"
TC_046,- / BR-008,[SAFETY] AI kh√¥ng ch·∫©n ƒëo√°n,Compliance,"1. HbA1c ngo√†i ng∆∞·ª°ng","1. Xem nh·∫≠n x√©t AI","1.1. KH√îNG c√≥ text ""B·∫°n b·ªã ti·ªÉu ƒë∆∞·ªùng""",High,"TD_081: HbA1c 7.2% ngo√†i ng∆∞·ª°ng"
TC_047,- / BR-008,[SAFETY] AI Comment kh√¥ng ch·∫©n ƒëo√°n,Compliance,"1. HbA1c = 8.0%","1. Xem AI comment","1.1. Ch·ªâ n√™u facts, kh√¥ng ch·∫©n ƒëo√°n",High,"TD_092: HbA1c 8.0%, C·∫ßn ch√∫ √Ω"
TC_048,KB-2 / BR-002,[FUNC] AI Comment - C·∫£i thi·ªán,AI content,"1. HbA1c c·∫£i thi·ªán","1. Xem AI comment","1.1. ""Ch·ªâ s·ªë ƒë√£ c·∫£i thi·ªán so v·ªõi l·∫ßn kh√°m tr∆∞·ªõc""",Medium,"TD_090: HbA1c 6.8% t·ª´ 7.5%"
TC_049,KB-2 / BR-002,[FUNC] AI Comment - C·∫ßn ch√∫ √Ω,AI content,"1. HbA1c ngo√†i ng∆∞·ª°ng","1. Xem AI comment","1.1. ""Ch·ªâ s·ªë ngo√†i ng∆∞·ª°ng m·ª•c ti√™u, c·∫ßn theo d√µi""",Medium,"TD_091: HbA1c 7.2% ngo√†i ng∆∞·ª°ng"
TC_050,- / BR-010,[FUNC] TTS th√†nh c√¥ng,Online,"1. C√≥ k·∫øt n·ªëi m·∫°ng","1. Nh·∫•n icon üîä","1.1. Ph√°t √¢m thanh ƒë·ªçc n·ªôi dung section",Medium,"TD_042: Online, c√≥ k·∫øt n·ªëi"
TC_051,- / BR-010,[ERR] TTS offline,Offline,"1. Kh√¥ng c√≥ k·∫øt n·ªëi","1. Nh·∫•n icon üîä","1.1. Hi·ªÉn th·ªã: ""TTS c·∫ßn k·∫øt n·ªëi m·∫°ng""",Medium,"TD_041: Offline, kh√¥ng k·∫øt n·ªëi"
TC_052,KB-5 / BR-006,[FUNC] Icon üí¨ v·ªõi C·∫ßn ch√∫ √Ω,Icon,"1. Ch·ªâ s·ªë ""C·∫ßn ch√∫ √Ω""","1. Xem card","1.1. Icon üí¨ hi·ªÉn th·ªã b√™n c·∫°nh ch·ªâ s·ªë",High,"TD_050: HbA1c 7.2%, C·∫ßn ch√∫ √Ω"
TC_053,KB-5 / BR-006,[FUNC] Icon üí¨ KH√îNG v·ªõi C·∫£i thi·ªán,Icon,"1. Ch·ªâ s·ªë ""C·∫£i thi·ªán""","1. Xem card","1.1. KH√îNG c√≥ icon üí¨",High,"TD_051: HbA1c 6.5%, C·∫£i thi·ªán"
TC_054,KB-5 / BR-006,[FUNC] Icon üí¨ KH√îNG v·ªõi Duy tr√¨,Icon,"1. Ch·ªâ s·ªë ""Duy tr√¨""","1. Xem card","1.1. KH√îNG c√≥ icon üí¨",High,"TD_002: HbA1c 6.5%, Duy tr√¨ t·ªët"
TC_055,KB-5 / BR-006,[FUNC] Nh·∫•n icon üí¨ ‚Üí Chat,Context,"1. Ch·ªâ s·ªë ""C·∫ßn ch√∫ √Ω""","1. Nh·∫•n icon üí¨","1.1. M·ªü Chat Kolia; 1.2. Context: Ch·ªâ s·ªë=HbA1c, Gi√° tr·ªã=7.2%, Ng∆∞·ª°ng=<7%",High,"TD_052: AST 45 U/L, C·∫ßn ch√∫ √Ω"
TC_056,KB-5 / BR-006,[FUNC] 3+ ch·ªâ s·ªë "C·∫ßn ch√∫ √Ω",Multiple,"1. 3 ch·ªâ s·ªë C·∫ßn ch√∫ √Ω","1. Xem cards","1.1. 3 icons üí¨ hi·ªÉn th·ªã; 1.2. M·ªói icon m·ªü chat v·ªõi context ri√™ng",Medium,"TD_138: 3 ch·ªâ s·ªë C·∫ßn ch√∫ √Ω"
TC_057,KB-8 / BR-014,[EDGE] Upload l·∫°i khi ƒëang AI,Concurrent,"1. AI ƒëang ph√¢n t√≠ch","1. Upload th√™m ·∫£nh","1.1. Kh√¥ng crash; 1.2. Th√¥ng b√°o r√µ r√†ng",Low,"TD_135: AI ƒëang processing"
TC_058,KB-1 / BR-001,[UI] Back navigation khi xem k·∫øt qu·∫£,User journey,"1. ƒêang xem m√†n h√¨nh K·∫øt qu·∫£","1. Nh·∫•n n√∫t Back","1.1. Quay v·ªÅ m√†n Upload; 1.2. Data kh√¥ng m·∫•t",Medium,"TD_141: ƒêang xem k·∫øt qu·∫£"
TC_059,KB-1 / BR-001,[UI] Pull-to-refresh khi ƒëang hi·ªÉn th·ªã,User journey,"1. ƒêang xem m√†n h√¨nh K·∫øt qu·∫£","1. Pull to refresh","1.1. Refresh kh√¥ng reset data; 1.2. Ho·∫∑c confirm tr∆∞·ªõc khi refresh",Low,"TD_142: ƒêang xem k·∫øt qu·∫£"
TC_060,KB-2 / BR-002,[DATA] Ch·ªâ s·ªë c√≥ gi√° tr·ªã = 0,Data edge,"1. Phi·∫øu XN c√≥ WBC = 0","1. Xem card ch·ªâ s·ªë","1.1. Hi·ªÉn th·ªã ""0"" (kh√¥ng ·∫©n); 1.2. Classification x·ª≠ l√Ω ƒë√∫ng",Medium,"TD_143: WBC = 0"
